,,,,,,,,,,,,Annex,,,,,,,,,,
,,,,,,,,,,,,Number of Nepalese Obtaining Labor Permit for Foreign Employment (Countrywise),,,,,,,,,,
,,,,,,,,,,,,a) Institutional and Individual (New),,,,,,,,,,(in Numbers)
Fiscal Year,Month,Afghanistan,Bahrain,Cyprus,Israel,Japan,Jordan,Kuwait,Lebanon,Malaysia,Maldives,Malta,Oman,Poland,Qatar,Romania,Saudi Arabia,South Korea,Turkey,UAE,Other,Total
2072/73,Shrawan,106,201,,7,298,,912,8,9630,,,380,,9558,,12237,356,,3717,702,38112
,Bhadra,108,195,,6,286,,1047,6,6730,,,182,,11600,,14074,624,,4447,614,39919
,Asoj,116,197,,17,336,,723,15,6171,,,225,,12175,,9968,276,,4644,621,35484
,Kartik,117,134,,28,352,,563,28,3104,,,304,,8050,,5873,145,,3785,578,23061
,Mangsir,151,222,,24,510,,869,32,5566,,,332,,12744,,11607,273,,5308,712,38350
,Poush,83,247,,14,399,,1056,11,4134,,,323,,10625,,13091,283,,4506,617,35389
,Magh,104,302,,15,415,,855,11,3675,,,249,,10415,,13656,85,,3826,611,34219
,Fagun,137,536,,14,296,,724,15,3966,,,279,,11418,,12840,96,,4742,638,35701
,Chaitra,155,242,,8,318,,587,14,4291,,,233,,10200,,9382,1199,,4375,611,31615
,Baishak,136,233,,17,301,,938,13,4396,,,284,,12127,,11660,1742,,4261,670,36778
,Jestha,169,368,,19,171,,1070,5,4217,,,148,,11567,,13012,1096,,5044,801,37687
,Asad,37,269,,20,162,,705,9,5099,,,120,,8559,,11129,1257,,4138,894,32398
,Total,1419,3146,,189,3844,,10049,167,60979,,,3059,,129038,,138529,7432,,52793,8069,418713
2073/74,Shrawan,0,305,,15,254,,731,31,6775,,,294,,9551,,10788,774,,5041,926,35485
,Bhadra,0,313,,4,246,,467,12,7334,,,254,,11288,,9255,7,,4797,782,34759
,Asoj,11,275,,12,247,,844,11,5243,,,185,,8495,,6116,5,,2931,574,24949
,Kartik,192,396,,25,293,,1279,6,5334,,,260,,10375,,5721,11,,5729,967,30588
,Mangsir,199,278,,9,355,,1221,5,7191,,,160,,12479,,7017,3,,4011,722,33650
,Poush,151,365,,5,234,,1157,11,6924,,,263,,10588,,5583,15,,3887,819,30002
,Magh,150,360,,9,148,,1510,27,9873,,,397,,13653,,5401,103,,6275,790,38696
,Fagun,152,417,,11,117,,1385,17,8181,,,325,,9644,,5372,213,,5634,773,32241
,Chaitra,147,471,,14,97,,1422,13,12783,,,375,,13923,,7023,1020,,3265,953,41506
,Baishak,154,246,,12,94,,1403,3,9157,,,151,,10174,,4874,874,,4985,989,33116
,Jestha,144,398,,8,94,,1594,3,11474,,,371,,9621,,5286,1168,,6194,1498,37853
,Asad,81,183,,6,72,,563,1,8168,,,151,,6101,,4448,1615,,3777,967,26133
,Total,1381,4007,0,130,2251,0,13576,140,98437,0,0,3186,0,125892,0,76884,5808,0,56526,10760,398978
2074/75,Shrawan,117,454,144,3,58,359,721,2,11231,132,48,180,177,7159,5,4194,904,59,4997,365,31309
,Bhadra,114,253,124,5,40,351,1447,0,12089,119,56,344,200,7418,13,4575,449,40,5297,396,33330
,Asoj,108,357,171,6,78,107,1428,0,75,258,178,253,107,7595,34,3113,383,34,5843,511,20639
,Kartik,118,359,128,14,71,112,849,2,70,157,205,146,131,5060,31,1774,569,25,4730,452,15003
,Mangsir,108,392,134,4,82,72,1350,0,85,116,209,215,73,7283,84,3974,491,53,5096,439,20260
,Poush,137,413,75,5,85,32,1589,0,61,210,121,269,75,6834,99,4650,611,15,5363,414,21058
,Magh,175,367,136,1,55,93,1110,1,62,132,78,190,81,6398,107,3895,309,67,5225,372,18854
,Fagun,169,388,153,7,85,113,854,1,56,117,37,219,64,6592,26,5108,429,63,5590,424,20495
,Chaitra,207,325,142,4,95,101,1205,6,154,117,76,264,75,6497,120,3922,1086,88,4969,366,19819
,Baishak,197,417,136,5,130,162,1658,0,2488,106,214,246,62,5745,86,5333,707,165,5048,456,23361
,Jestha,203,355,189,1,105,73,1549,0,1978,193,87,289,42,5296,156,4634,746,218,5569,474,22157
,Asad,216,419,184,2,82,366,1497,1,2668,88,16,187,43,3446,350,4772,1060,158,6325,557,22437
,Total,1869,4499,1716,57,966,1941,15257,13,31017,1745,1325,2802,1130,75323,1111,49944,7744,985,64052,5226,268722
2075/76,Shrawan,105,403,177,1,54,155,1676,0,409,298,313,227,190,7852,38,2676,843,602,5183,458,21660
,Bhadra,87,438,105,8,37,72,1230,0,1893,182,183,217,165,6426,47,2229,507,93,3835,371,18125
,Asoj,108,357,171,6,78,107,1428,0,75,258,178,253,107,7595,34,3113,383,34,5843,511,20639
,Kartik,118,359,128,14,71,112,849,2,70,157,205,146,131,5060,31,1774,569,25,4730,452,15003
,Mangsir,108,392,134,4,82,72,1350,0,85,116,209,215,73,7283,84,3974,491,53,5096,439,20260
,Poush,137,413,75,5,85,32,1589,0,61,210,121,269,75,6834,99,4650,611,15,5363,414,21058
,Magh,175,367,136,1,55,93,1110,1,62,132,78,190,81,6398,107,3895,309,67,5225,372,18854
,Fagun,169,388,153,7,85,113,854,1,56,117,37,219,64,6592,26,5108,429,63,5590,424,20495
,Chaitra,207,325,142,4,95,101,1205,6,154,117,76,264,75,6497,120,3922,1086,88,4969,366,19819
,Baishak,197,417,136,5,130,162,1658,0,2488,106,214,246,62,5745,86,5333,707,165,5048,456,23361
,Jestha,203,355,189,1,105,73,1549,0,1978,193,87,289,42,5296,156,4634,746,218,5569,474,22157
,Asad,216,419,184,2,82,366,1497,1,2668,88,16,187,43,3446,350,4772,1060,158,6325,557,22437
,Total,1830,4633,1730,58,959,1458,15995,11,9999,1974,1717,2722,1108,75024,1178,46080,7741,1581,62776,5294,243868
2076/77,Shrawan,139,427,217,19,156,369,1535,0,4128,54,14,307,20,7596,70,6584,172,71,9524,364,31766
,Bhadra,133,497,205,22,185,274,1318,2,4878,84,44,460,10,9798,220,8747,690,78,10219,353,38217
,Asoj,120,561,257,51,332,427,1635,2,3821,107,30,370,13,8665,163,7833,716,78,10361,572,36114
,Kartik,115,1020,268,104,617,444,2507,9,5774,166,55,598,38,10897,194,10733,249,116,15611,737,50252
,Mangsir,80,1055,221,43,440,345,2605,8,8772,99,21,619,63,12723,170,14357,500,66,13049,571,55807
,Poush,119,886,195,29,345,268,2223,12,10603,56,39,544,45,11670,232,12584,790,71,10564,460,51735
,Magh,127,867,311,29,333,229,2236,21,10544,63,22,519,25,10535,147,11110,314,48,9926,330,47736
,Fagun,86,710,320,35,416,266,2259,11,10915,65,74,476,41,8240,335,11215,152,45,11957,513,48131
,Chaitra,0,0,0,0,0,0,0,0,0,0,0,0,0,0,0,0,0,0,0,0,0
,Baishak,0,0,0,0,0,0,0,0,0,0,0,0,0,0,0,0,0,0,0,0,0
,Jestha,0,0,0,0,0,0,0,0,0,0,0,0,0,0,0,0,0,0,0,0,0
,Asad,5,42,0,10,307,5,82,3,274,14,48,39,31,337,11,0,17,0,1184,85,2494
,Total,924,6065,1994,342,3131,2627,16400,68,59709,708,347,3932,286,80461,1542,83163,3600,573,92395,3985,362252
2077/78,Shrawan,9,0,0,0,9,0,0,0,1,1,1,2,0,7,0,1,0,0,98,11,140
,Bhadra,10,1,0,0,1,0,0,0,1,21,3,0,9,1,48,0,1,6,59,37,198
,Asoj,73,2,3,0,18,0,0,0,3,50,1,24,27,177,29,151,7,159,511,307,1542
,Kartik,72,26,45,0,78,0,0,0,1,42,19,78,12,104,50,385,3,53,395,220,1583
,Mangsir,86,121,114,0,236,1,0,1,0,83,20,32,47,120,62,1904,1,39,1327,183,4377
,Poush,138,282,109,0,156,150,0,0,0,198,2,162,53,768,60,2493,2,44,2378,214,7209
,Magh,113,325,101,0,10,158,1,0,2,226,7,183,84,1996,293,2703,0,63,2449,252,8966
,Fagun,153,445,117,0,5,195,0,0,0,68,3,286,60,4074,590,1424,0,64,1485,177,9146
,Chaitra,212,828,185,0,13,177,0,0,58,122,0,633,75,4959,459,6124,0,84,1288,309,15526
,Baishak,115,514,101,0,21,146,0,1,40,118,3,120,48,3857,196,5448,0,73,1445,291,12537
,Jestha,24,188,20,0,1,8,0,0,0,9,0,5,0,359,17,23,1,31,16,85,787
,Asad,68,414,208,0,5,95,1,0,0,71,5,31,38,5709,150,2668,1,94,160,352,10070
,Total,1073,3146,1003,0,553,930,2,2,106,1009,64,1556,453,22131,1954,23324,16,710,11611,2438,72081
2078/79,Shrawan,125,213,209,0,3,2,20,0,20,85,5,45,160,6083,295,5636,14,140,263,482,13800
,Bhadra,0,166,253,0,10,0,39,1,0,155,22,41,150,9349,477,11628,2,206,1512,681,24692
,Asoj,0,281,235,0,10,8,26,0,1,195,25,337,55,7906,280,13354,2,182,4359,568,27824
,Kartik,0,783,341,0,9,16,167,0,0,274,10,324,74,8795,380,12327,57,52,5988,469,30066
,Mangsir,0,971,291,2,17,43,668,1,43,321,245,443,97,7071,429,16247,220,24,6609,958,34700
,Poush,0,886,248,0,15,46,1887,0,87,276,209,445,91,6089,298,17714,455,16,6806,863,36431
,Magh,0,947,222,297,7,69,1919,0,3,196,89,508,57,6544,358,14241,241,22,6229,640,32589
,Fagun,0,815,251,0,24,117,3285,1,7,319,168,413,221,6187,335,9167,287,15,5107,1079,27798
,Chaitra,0,823,277,1,521,242,3991,0,386,232,166,325,183,5129,418,8133,996,92,5090,1126,28131
,Baishak,0,504,239,5,834,235,2696,0,2566,208,95,218,11,3816,436,4346,976,76,3589,1417,22267
,Jestha,0,578,336,1,638,99,4220,0,7151,214,107,304,2,5431,1489,6250,1003,12,4742,2492,35069
,Asad,0,625,320,0,390,50,3868,0,15506,260,134,224,411,4422,1228,6331,0,19,3552,3953,41293
,Total,125,7592,3222,306,2478,927,22786,3,25770,2735,1275,3627,1512,76822,6423,125374,4253,856,53846,14728,354660
2079/80,Shrawan,0,474,394,593,341,62,3219,0,22375,229,520,213,264,4969,617,2721,1838,21,3599,2091,44540
,Bhadra,0,469,359,111,398,160,4047,0,33020,349,1384,336,172,4984,738,3226,3369,8,4385,1843,59358
,Asoj,0,292,302,25,195,76,2422,0,24486,248,956,249,60,4586,1094,2695,1905,24,3203,1216,44034
,Kartik,0,399,275,1,277,26,3003,0,25374,251,590,185,114,4313,3042,4133,1588,18,3952,1262,48803
,Mangsir,0,174,235,1,555,29,2967,0,20415,311,447,201,269,2665,966,3958,1015,7,4342,1487,40044
,Poush,0,316,253,1,448,17,2789,0,16755,337,281,233,726,2506,374,6235,1207,3,4543,1840,38864
,Magh,0,420,270,28,509,59,2006,0,16663,387,172,204,686,2829,681,5747,1782,1,5183,1497,39124
,Fagun,0,294,328,4,527,45,1586,3,16061,329,164,261,581,2436,945,4806,2209,3,4920,1492,36994
,Chaitra,0,325,362,18,603,14,1884,0,12129,229,168,251,469,2497,1475,6104,2310,12,5555,1673,36078
,Baishak,0,231,375,0,566,67,1537,4,11328,348,208,202,626,2417,1531,4778,2561,12,5388,1261,33440
,Jestha,0,332,505,0,840,8,2171,0,11032,543,231,200,478,2986,1019,6294,2953,4,6366,2174,38136
,Asad,0,226,617,4,580,58,3780,0,9721,433,482,181,470,3329,655,5094,2609,2,7717,2331,38289
,Total,0,3952,4275,786,5839,621,31411,7,219359,3994,5603,2716,4915,40517,13137,55791,25346,115,59153,20167,497704
2080/81,Shrawan,0,279,433,0,699,23,3286,0,7826,505,649,194,448,3425,620,7101,2404,5,8335,2920,39152
,Bhadra,0,363,405,6,817,29,2889,0,6855,582,1024,254,244,3281,481,5919,864,3,8369,2918,35303
,Asoj,0,326,458,24,842,23,3239,0,6458,474,1120,186,133,4223,599,7518,478,6,9957,2878,38942
,Kartik,0,180,256,0,575,17,1448,0,3979,494,350,136,78,2434,347,3500,277,6,7410,2591,24078
,Mangsir,0,311,428,0,1050,73,2141,7,6443,589,268,194,70,3114,655,4429,1719,5,10126,2878,34500
,Poush,0,438,233,0,790,36,2249,0,5698,508,172,283,122,4049,743,5617,1406,1,10046,2024,34415
,Magh,0,524,302,5,994,125,2321,0,5498,482,190,203,157,4439,1096,6414,1640,33,12534,2085,39042
,Fagun,0,474,446,1,998,129,2031,1,6752,431,218,270,165,3428,1444,6649,717,9,12852,2905,39920
,Chaitra,21,439,678,20,984,189,2565,5,10282,334,213,333,81,2834,2040,6013,637,12,11696,3114,42490
,Baishak,6,472,762,47,954,413,2200,0,14748,416,167,326,55,3157,867,4697,743,10,11149,4276,45465
,Jestha,1,732,842,187,862,552,2227,1,6765,649,216,328,62,3712,1767,7437,835,58,14836,5980,48049
,Asad,0,579,687,43,935,367,2180,0,78,494,179,198,34,2836,2041,7801,1117,127,13716,5335,38747
,Total,28,5117,5930,333,10500,1976,28776,14,81382,5958,4766,2905,1649,40932,12700,73095,12837,275,131026,39904,460103
2081/82,Shrawan,7,459,639,11,1367,512,3163,3,17,744,200,303,24,3763,2143,6900,783,135,12238,3517,36928
,Bhadra,0,667,545,6,1292,323,3030,3,18,632,243,342,17,4844,1728,7246,1091,87,14424,3019,39557
,Asoj,0,380,423,2,1037,107,2572,0,50,714,144,331,17,3942,1974,6039,969,54,12941,2473,34169
,Kartik,0,557,550,1,1353,63,2462,0,83,601,245,299,29,3352,2764,5294,915,70,14432,3754,36824
,Mangsir,0,683,504,1,1812,95,3847,1,26,787,205,361,32,4435,1772,6803,1173,225,16402,3742,42906
,Poush,0,395,309,0,1595,39,4374,2,311,762,109,399,30,4347,1232,6940,817,113,15833,2448,40055
,Magh,0,572,453,0,1933,39,3938,1,412,690,277,620,36,4732,1133,6566,1198,60,19263,2260,44183
,Falgun,0,602,720,210,1590,62,2665,6,159,521,202,480,24,3949,1408,5638,1835,78,19261,3036,42446
,Chaitra,0,840,898,218,1303,167,2867,2,134,488,317,480,20,3192,1698,6512,1455,103,17167,3293,41154
,Baishak,0,476,833,108,1965,171,3453,1,1498,737,229,527,23,3985,2859,6570,1031,182,18789,3951,47388
,Jestha,0,462,817,100,1901,126,3055,5,2734,576,206,516,25,3413,1515,6652,1239,184,18664,4524,46714
,Asad,0,447,834,131,1596,104,3054,2,4777,668,312,635,36,5224,2147,6087,1229,298,21734,4318,53633
2082/83,Shrawan,0,333,755,101,2059,109,2627,5,3110,607,296,513,18,4411,846,5900,867,263,17779,3867,44466
,Bhadra,0,399,604,160,1720,56,2299,0,2638,484,327,488,19,3929,2344,6023,831,220,19602,3589,45732
,Asoj,0,538,563,15,1051,100,3115,3,3726,453,226,656,41,3375,2625,2984,795,291,9898,2806,33261
,Kartik,0,310,519,76,1490,147,2198,3,2654,329,288,678,69,2648,1301,3602,831,458,2538,2375,22514
,Mangsir,0,498,486,97,1718,192,2694,1,3440,466,243,888,95,3861,1246,6442,802,501,2342,3606,29618
,Poush,0,689,405,187,1136,280,2688,2,3587,375,194,1235,53,4523,2082,7222,534,441,3295,2822,31750
,Magh,0,704,523,60,1225,267,3853,3,4855,270,288,918,59,4256,3044,5498,522,511,8149,2807,37812
,Falgun,0,460,604,137,970,194,1999,0,5945,249,177,582,63,2436,2543,2251,440,198,7103,2032,28383
,Chaitra,0,0,887,0,1014,0,0,0,10291,333,304,0,105,0,3841,0,440,0,0,3435,20650
,Baishak,0,409,1042,70,1281,409,1041,0,9930,551,213,853,79,3612,2769,4001,554,1537,9439,3534,41324
,,,,,,,,,,,,,,,b) Renew Entry,,,,,,,(in Numbers)
Fiscal Year,Month,Afghanistan,Bahrain,Cyprus,Israel,Japan,Jordan,Kuwait,Lebanon,Malaysia,Maldives,Malta,Oman,Poland,Qatar,Romania,Saudi Arabia,South Korea,Turkey,UAE,Other,Total
2073/74,Shrawan,0,180,,43,71,,906,39,1013,,,155,,5599,,4105,2,,3290,219,15622
,Bhadra,0,209,,30,57,,1005,27,1004,,,143,,5068,,3804,7,,2999,200,14553
,Asoj,0,271,,66,89,,1150,33,1440,,,262,,5561,,3983,4,,4098,302,17259
,Kartik,0,399,,158,216,,1697,56,2518,,,469,,8533,,6690,12,,7317,529,28594
,Mangsir,0,461,,92,224,,1918,52,3135,,,437,,10089,,8620,7,,6789,417,32241
,Poush,0,395,,36,157,,1304,28,2016,,,328,,7800,,7176,4,,4307,245,23796
,Magh,0,273,,62,145,,943,27,1555,,,243,,6134,,5579,4,,3636,216,18817
,Fagun,0,402,,91,264,,1033,30,2273,,,298,,7334,,6747,6,,4889,361,23728
,Chaitra,0,373,,61,206,,1077,29,3152,,,305,,9918,,8157,7,,5565,363,29213
,Baishak,0,302,,66,151,,640,5,2354,,,197,,7542,,5452,3,,4194,315,21221
,Jestha,0,315,,40,154,,758,10,2291,,,218,,7492,,5246,6,,4077,250,20857
,Asad,0,187,,27,122,,458,14,1522,,,143,,4822,,3600,4,,3275,177,14351
,Total,0,3767,0,772,1856,0,12889,350,24273,0,0,3198,0,85892,0,69159,66,0,54436,3594,260252
2074/75,Shrawan,0,198,31,25,99,10,577,9,1225,33,0,123,1,5591,0,3746,1,1,3286,117,15073
,Bhadra,0,210,26,7,137,5,413,0,1358,40,0,109,2,4903,2,3542,2,0,2935,171,13862
,Asoj,0,407,53,39,253,15,786,0,2737,83,0,238,0,6649,3,5846,3,5,4865,258,22240
,Kartik,0,306,86,84,358,17,946,4,2521,111,1,243,5,6199,4,5476,8,6,6038,388,22801
,Mangsir,0,436,57,97,378,10,1161,2,3784,83,3,350,10,8212,1,7891,8,5,6173,276,28937
,Poush,0,436,36,45,329,13,1094,1,3477,70,1,328,9,9320,6,8732,7,3,5538,264,29709
,Magh,0,366,69,55,320,16,849,2,2569,57,4,275,7,7283,8,6493,14,7,4404,209,23007
,Fagun,0,372,69,70,356,24,907,1,2943,64,5,236,4,7512,11,6424,8,4,5315,287,24612
,Chaitra,0,368,60,40,341,16,930,7,3401,64,9,236,10,8404,12,7061,5,2,4991,213,26170
,Baishak,0,406,45,30,290,29,973,2,3401,73,3,238,11,8502,4,6639,7,3,5192,251,26099
,Jestha,0,314,46,20,247,21,826,1,2761,63,2,194,13,7582,7,5519,11,6,4407,198,22238
,Asad,0,224,32,28,184,11,660,0,1835,71,4,149,13,6140,3,4286,5,5,3879,175,17704
,Total,0,4043,610,540,3292,187,10122,29,32012,812,32,2719,85,86297,61,71655,79,47,57023,2807,272452
2075/76,Shrawan,0,196,31,9,112,15,456,0,1360,51,0,119,3,5485,0,3915,4,5,3343,135,15239
,Bhadra,0,210,26,7,137,5,413,0,1358,40,0,109,2,4903,2,3542,2,0,2935,171,13862
,Asoj,0,407,53,39,253,15,786,0,2737,83,0,238,0,6649,3,5846,3,5,4865,258,22240
,Kartik,0,306,86,84,358,17,946,4,2521,111,1,243,5,6199,4,5476,8,6,6038,388,22801
,Mangsir,0,436,57,97,378,10,1161,2,3784,83,3,350,10,8212,1,7891,8,5,6173,276,28937
,Poush,0,436,36,45,329,13,1094,1,3477,70,1,328,9,9320,6,8732,7,3,5538,264,29709
,Magh,0,366,69,55,320,16,849,2,2569,57,4,275,7,7283,8,6493,14,7,4404,209,23007
,Fagun,0,372,69,70,356,24,907,1,2943,64,5,236,4,7512,11,6424,8,4,5315,287,24612
,Chaitra,0,368,60,40,341,16,930,7,3401,64,9,236,10,8404,12,7061,5,2,4991,213,26170
,Baishak,0,406,45,30,290,29,973,2,3401,73,3,238,11,8502,4,6639,7,3,5192,251,26099
,Jestha,0,314,46,20,247,21,826,1,2761,63,2,194,13,7582,7,5519,11,6,4407,198,22238
,Asad,0,224,32,28,184,11,660,0,1835,71,4,149,13,6140,3,4286,5,5,3879,175,17704
,Total,0,4041,610,524,3305,192,10001,20,32147,830,32,2715,87,86191,61,71824,82,51,57080,2825,272618
2076/77,Shrawan,0,16,1,0,55,0,69,0,3,118,115,30,0,73,24,0,1,38,74,194,811
,Bhadra,0,10,0,0,71,0,50,0,0,110,187,19,16,70,26,0,3,24,88,497,1171
,Asoj,0,11,0,0,55,0,71,0,0,86,120,15,91,78,14,0,2,62,105,282,992
,Kartik,0,10,0,0,79,0,54,0,1,95,247,28,22,124,65,0,1,82,103,336,1247
,Mangsir,0,24,0,0,77,0,71,0,1,109,232,18,11,189,75,0,4,85,195,399,1490
,Poush,0,11,0,0,49,0,52,0,0,105,231,38,11,170,79,0,3,24,152,346,1271
,Magh,0,22,0,0,76,0,62,0,0,100,151,22,5,229,89,0,2,52,163,261,1234
,Fagun,0,20,0,0,135,0,33,0,0,105,220,37,6,173,114,0,5,115,149,345,1457
,Chaitra,0,0,0,0,0,0,0,0,0,0,0,0,0,0,0,0,0,0,0,0,0
,Baishak,0,0,0,0,0,0,0,0,0,0,0,0,0,0,0,0,0,0,0,0,0
,Jestha,0,0,0,0,0,0,0,0,0,0,0,0,0,0,0,0,0,0,0,0,0
,Asad,0,0,0,0,0,0,0,0,0,0,0,0,0,0,0,0,0,0,0,0,0
,Total,0,124,1,0,597,0,462,0,5,828,1503,207,162,1106,486,0,21,482,1029,2660,9673
2077/78,Shrawan,0,51,0,0,51,1,110,0,331,18,7,53,25,752,3,247,1,0,1337,25,3012
,Bhadra,0,55,15,0,15,0,25,0,32,17,2,41,5,256,1,55,0,0,783,25,1327
,Asoj,0,111,3,1,45,0,103,0,100,56,2,82,11,1174,1,2680,3,3,2140,40,6555
,Kartik,0,55,2,0,44,3,107,1,108,42,1,67,4,2986,4,1977,0,4,779,30,6214
,Mangsir,0,76,10,2,133,0,155,2,131,102,9,159,8,3587,7,1705,0,6,1893,69,8054
,Poush,0,139,9,5,142,1,105,0,71,78,14,102,13,3114,7,1270,1,4,2394,75,7544
,Magh,0,167,23,1,145,5,188,0,14,57,35,161,20,2970,30,2275,0,8,2759,63,8921
,Fagun,0,267,29,0,178,3,58,2,11,70,28,206,31,3399,17,2541,1,9,3741,71,10662
,Chaitra,0,373,70,3,328,8,63,1,126,100,56,311,57,4784,50,4252,3,19,5913,99,16616
,Baishak,0,310,52,7,274,9,29,1,91,48,60,156,35,3393,49,2956,5,4,4258,89,11826
,Jestha,0,40,15,5,42,4,4,0,0,4,11,31,4,1597,7,799,0,2,708,26,3299
,Asad,0,150,15,2,129,15,65,2,13,29,26,208,39,4773,17,2879,4,6,2161,55,10588
,Total,0,1794,243,26,1526,49,1012,9,1028,621,251,1577,252,32785,193,23636,18,65,28866,667,94618
2078/79,Shrawan,0,167,10,0,86,6,265,1,15,74,5,106,27,5686,20,2336,0,2,2757,65,11628
,Bhadra,0,167,29,7,48,9,302,1,6,58,7,82,14,5443,21,1959,4,3,3123,65,11348
,Asoj,0,172,53,5,124,4,308,0,10,79,26,115,15,5696,49,2172,0,2,2904,113,11847
,Kartik,0,372,94,39,231,14,686,6,82,147,68,322,26,10286,102,4682,12,15,7562,154,24900
,Mangsir,0,686,145,45,426,33,1403,10,406,149,106,528,73,16706,133,8745,12,11,10038,202,39857
,Poush,0,501,95,21,341,25,1388,4,623,107,59,389,65,12292,182,7404,13,13,6908,202,30632
,Magh,0,360,115,14,215,20,1135,4,634,73,72,316,36,8207,98,5590,8,25,5074,117,22113
,Fagun,0,449,91,27,278,29,1466,8,984,108,82,345,19,8876,101,6518,6,18,6391,141,25937
,Chaitra,0,477,85,25,320,21,1638,6,1407,94,57,325,29,9740,116,7068,16,19,6775,149,28367
,Baishak,0,379,90,39,372,23,1442,9,1436,87,61,243,18,7601,83,5912,162,10,5632,238,23837
,Jestha,0,414,96,35,436,36,1515,1,2498,70,57,245,17,9625,89,6451,377,10,6425,228,28625
,Asad,0,333,56,36,301,33,1255,4,2456,75,47,215,14,8033,63,4770,280,15,5209,167,23362
,Total,0,4477,959,293,3178,253,12803,54,10557,1121,647,3231,353,108191,1057,63607,890,143,68798,1841,282453
2079/80,Shrawan,0,229,64,15,232,20,1064,4,2109,52,34,178,7,7599,39,3984,85,8,4541,126,20390
,Bhadra,0,228,78,11,239,22,982,1,2352,54,37,196,11,6791,35,3558,100,8,3980,116,18799
,Asoj,0,260,66,32,316,23,1075,6,2576,64,56,178,12,5259,86,3841,13,9,4642,158,18672
,Kartik,0,477,110,43,539,89,1929,5,5166,117,88,377,25,5405,154,7094,19,16,7648,266,29567
,Mangsir,0,447,91,34,450,59,1573,10,4855,92,69,367,43,6828,112,7436,12,13,5819,210,28520
,Poush,0,346,77,20,328,36,1100,3,3584,42,46,225,25,10560,103,5392,22,13,4484,194,26600
,Magh,0,351,147,43,373,26,986,5,3120,58,98,202,16,9875,123,4829,15,17,4587,289,25160
,Fagun,0,301,127,39,344,24,876,5,3763,70,118,204,19,8867,125,4697,18,18,4875,361,24851
,Chaitra,0,349,82,18,325,41,910,3,4136,82,52,202,9,8752,103,5260,13,18,4638,407,25400
,Baishak,0,274,85,14,251,18,573,2,3309,82,49,148,9,7813,75,3903,13,4,4095,300,21017
,Jestha,0,249,68,14,249,21,588,2,3172,87,36,170,10,7891,77,4058,11,8,4260,315,21286
,Asad,0,227,47,15,159,19,441,1,2095,71,17,131,11,7105,56,2934,11,11,3438,221,17010
,Total,0,3738,1042,298,3805,398,12097,47,40237,871,700,2578,197,92745,1088,56986,332,143,57007,2963,277272
2080/81,Shrawan,0,196,54,38,128,11,431,1,1442,65,23,125,14,7136,53,2929,10,6,3543,218,16423
,Bhadra,53,200,72,45,129,8,472,1,1314,77,29,126,9,6486,61,2920,8,3,3340,228,15581
,Asoj,44,282,75,25,206,17,542,2,1451,109,40,159,8,6387,105,3605,7,22,3948,259,17293
,Kartik,22,324,54,100,295,20,650,3,1573,134,69,233,13,6028,116,4514,8,15,5075,298,19544
,Mangsir,113,554,84,84,439,36,1145,8,3032,184,97,398,33,10271,268,8787,20,39,7688,421,33701
,Poush,50,556,124,77,409,30,1269,9,2393,113,91,400,61,9969,315,8690,19,19,6339,465,31398
,Magh,30,399,124,67,286,15,932,1,1297,86,96,245,40,7725,301,5952,20,19,5068,402,23105
,Fagun,31,454,131,88,362,23,1175,4,1665,159,147,263,33,7962,340,6618,13,23,5855,392,25738
,Chaitra,11,525,103,65,367,25,1511,7,2320,159,103,333,28,8370,259,7628,20,31,6122,456,28443
,Baishak,44,462,87,28,344,23,1187,4,2201,157,99,226,34,7950,217,6364,29,15,5363,338,25172
,Jestha,18,389,57,29,231,9,1205,3,1987,141,65,290,26,8261,179,5929,15,19,5588,371,24812
,Asad,1,349,55,26,168,10,1073,4,1386,113,43,207,21,7194,107,4471,20,15,4484,242,19989
,Total,417,4690,1020,672,3364,227,11592,47,22061,1497,902,3005,320,93739,2321,68407,189,226,62413,4090,281199
2081/82,Shrawan,13,331,61,28,205,8,1532,0,1327,134,39,187,26,8022,155,4909,29,13,5303,325,22647
,Bhadra,2,293,67,26,164,15,1185,4,1175,106,39,160,12,6447,160,3589,15,11,4181,285,17936
,Asoj,1,346,62,37,262,11,1235,1,1264,144,83,178,13,5856,230,4429,34,18,4783,369,19356
,Kartik,0,581,105,111,506,31,2424,0,2994,234,243,444,51,8123,556,8305,42,31,8637,748,34166
,Mangsir,0,693,159,90,559,38,2843,2,4443,234,202,534,113,10409,570,11312,52,21,8367,679,41320
,Poush,59,420,167,47,351,16,1676,4,2864,144,125,292,87,7636,511,6702,46,17,5288,751,27203
,Magh,0,442,358,46,402,30,1727,7,3180,179,258,308,94,7166,795,6313,53,27,6041,832,28258
,Falgun,0,431,198,30,376,17,1552,5,3556,146,227,233,80,6382,699,5995,48,10,5856,676,26517
,Chaitra,0,483,151,35,409,17,1703,5,5207,167,201,279,124,7953,648,7565,43,13,6504,742,32249
,Baishak,0,423,148,38,440,20,1676,2,5108,179,162,247,86,7898,521,6113,42,20,6831,708,30662
,Jestha,1,353,103,43,364,24,1575,1,4496,184,98,248,102,7678,383,5309,45,14,6040,692,27753
,Asad,3,288,78,23,289,17,1457,0,3354,190,91,198,65,8044,273,4769,40,12,5611,440,25242
2082/83,Shrawan,25,284,85,26,281,18,1443,4,2513,146,74,193,57,7673,179,3985,46,10,6059,543,23644
,Bhadra,17,300,85,49,297,13,1397,0,2490,160,90,199,55,6440,178,4178,46,5,5616,625,22240
,Ashoj,33,421,134,61,539,39,1408,1,4189,277,257,256,79,7655,520,5807,72,26,8548,1051,31373
,Kartik,9,717,196,115,764,74,3080,18,7218,410,459,665,276,11084,1085,12167,80,35,10861,1267,50580
,Mangsir,21,474,277,68,572,48,1868,3,5633,263,250,360,321,9125,626,7888,90,29,7040,1131,36087
,Poush,23,387,369,64,466,21,1623,3,4945,207,209,281,151,7523,779,6105,0,22,6222,1409,30809
,Magh,20,423,732,65,535,36,1590,6,5486,183,380,287,191,7324,896,6094,0,21,6988,1434,32691
,Falgun,40,310,328,41,631,17,1047,2,6656,208,358,169,191,4321,725,3974,0,20,4389,1134,24561
,Chaitra,4,0,152,0,612,19,1,0,8358,276,261,376,176,8959,597,8920,0,34,11463,1066,41274
,Baishak,0,624,193,129,667,14,2238,6,7322,276,190,290,137,7055,462,4663,0,27,7669,1143,33105
